x,y,w_right,w_left,x_normvec,y_normvec,alpha,s,psj,kappa,vx,ax
0.01982640258347651,-0.022313178112673956,1.625,8.125,0.5416780136699018,0.8405860631170551,0,0,2.569160582636617,0,0.0,0
-0.8207334951092059,0.5193479744222141,1.625,8.125,0.5366424059633399,0.8438097701033556,0,1,2.5751396911162674,-0.011958226663901504,0.9722222222222222,0.16666666666666666
-1.6677367073725784,1.0509357455527477,1.625,8.125,0.5315877711305335,0.8470032122633725,0,2,2.5811186134784205,-1.5929800624913589e-16,1.9444444444444444,0.3333333333333333
-2.514739919635951,1.5825235166832812,1.625,8.125,0.5301454724704207,0.8479067036054818,0,3,2.582820530846974,-0.003403901450334425,2.9166666666666665,0.5
-3.3635311756248885,2.111214849092712,1.625,8.125,0.523845412543574,0.8518133503045446,0,4,2.59023355284643,-0.01142217135086107,3.888888888888889,0.6666666666666666
-4.2183222792004464,2.630187073058581,1.625,8.125,0.5189722239658686,0.854791103575558,0,5,2.5959445133700236,2.433612747161096e-16,4.861111111111111,0.8333333333333334
-5.073113382776004,3.1491592970244495,1.625,8.125,0.5189650016924853,0.8547954884171527,0,6,2.5959529625160536,-1.6898292069323323e-05,5.833333333333333,1.0
-5.927913255512456,3.6681170761264545,1.625,8.125,0.5189304818958398,0.8548164451853694,0,7,2.595993345711751,-6.386809933282982e-05,6.805555555555555,1.1666666666666667
-6.78274627181373,4.187020260006902,1.625,8.125,0.5182439809409324,0.8552328198908731,0,8,2.596796247630483,-0.001541941092942223,7.777777777777778,1.3333333333333333
-7.638375467919993,4.7046029611281845,1.625,8.125,0.5156892229680325,0.8567757147087135,0,9,2.5997807608790224,-0.004427087845422499,8.75,1.5
-8.496290578952733,5.218394419077498,1.625,8.125,0.5137914579493135,0.8579151110327402,0,10,2.601994296071898,-4.902867030620498e-16,9.722222222222221,1.6666666666666667
-9.354205689985474,5.7321858770268115,1.625,8.125,0.5138146191374199,0.857901239747716,0,11,2.6019672987908726,5.3994562294063706e-05,10.694444444444445,1.8333333333333333
-10.212093054039018,6.2460236547116095,1.625,8.125,0.5139078556936546,0.8578453915807613,0,12,2.6018586154288417,0.0001633721618983727,11.666666666666666,2.0
-11.069896463639306,6.760001582718367,1.625,8.125,0.5139779280067573,0.8578034096002887,0,13,2.6017769293483157,-0.0,12.63888888888889,2.1666666666666665
-11.927699873239595,7.273979510725124,1.625,8.125,0.5141590191639762,0.8576948775714694,0,14,2.6015658056673416,0.0004222474722469867,13.61111111111111,2.3333333333333335
-12.785285960873837,7.788319466438967,1.625,8.125,0.5148601864086715,0.8572741617774491,0,15,2.600748103202121,0.0012131575103695147,13.61111111111111,0
-13.642247661800658,8.303699562236824,1.625,8.125,0.5143221698345504,0.8575970531763037,0,16,2.601375574876702,-0.002468132912802076,13.61111111111111,0
-14.500467651358843,8.816956360005097,1.625,8.125,0.5087517104655385,0.8609132924391334,0,17,2.60785844519958,-0.010497646968844166,13.61111111111111,0
-15.364039376278475,9.321182376707263,1.625,8.125,0.5042260167021656,0.8635717249196313,0,18,2.6131071812893274,-0.0,13.61111111111111,0
-16.227611101198107,9.825408393409429,1.625,8.125,0.5026417386565981,0.8644948134952992,0,19,2.61494076531689,-0.003667273117374728,13.61111111111111,0
-17.093001800099707,10.32645003732829,1.625,8.125,0.49440860887479754,0.8692296172303884,0,20,2.6244383160783893,-0.01532799712151303,13.61111111111111,0
-17.965994853597913,10.814182677761426,1.625,8.125,0.48773264043313613,0.8729930534982058,0,21,2.632102015878896,-1.6076274264771652e-15,13.61111111111111,0
-18.83898790709612,11.301915318194562,1.625,8.125,0.4870475544625461,0.8733754517342774,0,22,2.632886599354141,-0.0015691831116299603,13.61111111111111,0
-19.712736340051638,11.788272535183246,1.625,8.125,0.48069090742954484,0.8768901023016287,0,23,2.640150204662811,-0.012958153839259072,13.61111111111111,0
-20.592722387509628,12.263272068108565,1.625,8.125,0.4723934594819207,0.88138778040015,0,24,2.649588287728328,-0.005918350165902608,13.61111111111111,0
-21.47549427350906,12.733050006499107,1.625,8.125,0.46810533981287594,0.8836726717731357,0,25,2.654447170864409,-0.0037994332811074824,13.61111111111111,0
-22.360054606870627,13.199475795498039,1.625,8.125,0.4664257889989317,0.8845603333615656,0,26,2.65634686429165,1.650512247295152e-15,13.61111111111111,0
-23.24461494023219,13.66590158449697,1.625,8.125,0.4672313674984748,0.8841350853944804,0,27,2.655435934760997,0.0018218616509459,13.61111111111111,0
-24.128322988622998,14.133937585058,1.625,8.125,0.46861547123112146,0.8834022527268277,0,28,2.65386979703945,0.0013104143595103301,13.61111111111111,0
-25.011418011932513,14.603131766400825,1.625,8.125,0.46919418134282564,0.8830950233095166,0,29,2.6532145907180458,-0.0,13.61111111111111,0
-25.894513035242028,15.07232594774365,1.625,8.125,0.4691941800724719,0.8830950239844639,0,30,2.65321459215657,-2.877049301448619e-09,13.61111111111111,0
-26.77760805990144,15.541520126545768,1.625,8.125,0.46919417798912905,0.8830950250913576,0,31,2.653214594515708,-1.8412258176150708e-09,13.61111111111111,0
-27.660703085424743,16.010714303721908,1.625,8.125,0.46919417717614,0.883095025523304,0,32,2.6532145954363213,-1.5584670036563725e-15,13.61111111111111,0
-28.543798110948046,16.479908480898047,1.625,8.125,0.46915816301233676,0.8831141591430236,0,33,2.6532553767481963,-8.156262393881041e-05,13.61111111111111,0
-29.42693140057459,16.94903062808046,1.625,8.125,0.46910170331959056,0.8831441512814648,0,34,2.653319308158901,-4.6300197513223855e-05,13.61111111111111,0
-30.310086411370136,17.418111886400073,1.625,8.125,0.4690812583196133,0.8831550107955501,0,35,2.6533424582576104,-0.0,13.61111111111111,0
-31.193241422165684,17.887193144719685,1.625,8.125,0.4606931796469634,0.8875594595444132,0,36,2.6628166180619566,-0.01895052023938042,13.61111111111111,0
-32.08504624544871,18.33941567164398,1.625,8.125,0.4480463767392897,0.8940103155393647,0,37,2.6770137498961653,-0.009444317138143137,13.61111111111111,0
-32.981162128744415,18.783235819570095,1.625,8.125,0.4270101972594451,0.9042468089169293,0,38,2.700408869208658,-0.037363415104564465,13.61111111111111,0
-33.8929465679895,19.193155895818194,1.625,8.125,0.40252550518546265,0.9154087708096247,0,39,2.7273185930201147,-0.016461616473609903,13.61111111111111,0
-34.81163630828708,19.588135846033342,1.625,8.125,0.39236720799293134,0.9198086616747158,0,40,2.7383888817715283,-0.005684578933357441,13.61111111111111,0
-35.732548737955085,19.977883847752175,1.625,8.125,0.3883906437923064,0.9214948224567503,0,41,2.742708167595495,-0.0029540173723771245,13.61111111111111,0
-36.654616206018076,20.364913025385988,1.625,8.125,0.38195777669570674,0.9241797751637246,0,42,2.7496788882811605,-0.010987728808432936,13.61111111111111,0
-37.58087082813176,20.7417839190953,1.625,8.125,0.37698352254714773,0.9262199650881772,0,43,2.7550552856707022,0.00023477138113894215,13.61111111111111,0
-38.50704441671953,21.118875300502204,1.625,8.125,0.3770953745058121,0.9261744320193261,0,44,2.7549345209364717,6.7606044464909805e-06,13.61111111111111,0
-39.43320592507338,21.49596906278202,1.625,8.125,0.3716780160448307,0.9283617034265139,0,45,2.7607767829972056,-0.011691489384119489,13.61111111111111,0
-40.36372442422412,21.862213957269653,1.625,8.125,0.36990115633677684,0.9290711138232183,0,46,2.762690024918568,0.00786514691871193,13.61111111111111,0
-41.29128291604842,22.235745402072236,1.625,8.125,0.3800008212293989,0.9249861490125041,0,47,2.751795469286834,0.013924362465979336,13.61111111111111,0
-42.21360124615266,22.622176376443754,1.625,8.125,0.37898994588443324,0.9254007893440087,0,48,2.752888078863184,-0.016109222137966745,13.61111111111111,0
-43.142011942605016,22.993695580738763,1.625,8.125,0.37075514548687966,0.9287306509936036,0,49,2.7617706705438168,-0.0016564824368772624,13.61111111111111,0
-44.07104934492181,23.36368139660942,1.625,8.125,0.37000872698349446,0.9290282783403603,0,50,2.7625742392431074,4.932204528996855e-05,13.61111111111111,0
-45.00006849818608,23.733713034267787,1.625,8.125,0.37852375348698036,0.9255915773418251,0,51,2.753391800430043,0.01831850214799695,13.61111111111111,0
-45.922044502290525,24.120652021456277,1.625,8.125,0.3897637277581707,0.9209148910317688,0,52,2.7412176373387354,0.00603132256439322,13.61111111111111,0
-46.841671658191,24.513144575319913,1.625,8.125,0.3771069870960362,0.9261697038250334,0,53,2.7549219826721187,-0.03395514691342946,13.61111111111111,0
-47.76012025714394,24.869058287720833,4.875,4.875,0.4380470558415411,0.8989520436978592,0,54,2.688167600594039,0.16791415586336522,13.61111111111111,0
-48.61993266932995,25.37966688416627,4.875,4.875,0.5109738898988033,0.8595962330313492,0,55,2.605275282288012,0.0008489342319888828,13.61111111111111,0
-49.47931193348196,25.891005598078632,4.875,4.875,0.5109610372313377,0.8596038729737527,0,56,2.605290234203639,-0.0008788374888882464,13.61111111111111,0
-50.339140199839065,26.401588830569235,4.875,4.875,0.5105269688866872,0.8598617412348171,0,57,2.6057951216894284,-0.00013093750426531106,13.61111111111111,0
-51.19903536279275,26.912059504289928,4.875,4.875,0.5104706737206928,0.8598951629536835,0,58,2.605860590437758,-0.0,13.61111111111111,0
-52.05893052574643,27.42253017801062,4.875,4.875,0.5106697595149567,0.8597769459091912,0,59,2.6056290511898417,0.00046307850641654267,13.61111111111111,0
-52.91858919475563,27.933398987768303,4.875,4.875,0.5108985331052287,0.859641023259666,0,60,2.6053629453412066,6.913319403522966e-05,13.61111111111111,0
-53.778212557478305,28.444327235432652,4.875,4.875,0.5109282476643511,0.8596233627226726,0,61,2.6053283787447463,3.035486978700765e-15,13.61111111111111,0
-54.63783592020098,28.955255483097005,4.875,4.875,0.5114070020372677,0.8593386284039919,0,62,2.6047713514654824,0.0011140547028221889,13.61111111111111,0
-55.4968894696631,29.46714103441608,4.875,4.875,0.5119555767147771,0.8590119251038603,0,63,2.6041328616558763,0.00016292495971698546,13.61111111111111,0
-56.35585968674971,29.979166586667315,4.875,4.875,0.5111579001650616,0.8594868242729757,0,64,2.605061202735807,-0.002019607443393396,13.61111111111111,0
-57.21586220801682,30.489456293432553,4.875,4.875,0.5102729952157257,0.8600124826731133,0,65,2.6060904615062417,-3.891035685807073e-05,13.61111111111111,0
-58.07588461797896,30.999712556856068,4.875,4.875,0.5102562634235118,0.8600224099621333,0,66,2.606109916683907,-3.0383058500862164e-15,13.61111111111111,0
-58.93590702794109,31.50996882027958,4.875,4.875,0.5100491968932404,0.8601452300330221,0,67,2.6063506682530644,-0.00048150314320950544,13.61111111111111,0
-59.796175025925805,32.01981091973689,4.875,4.875,0.5098373980859561,0.8602707873181225,0,68,2.606596886381794,-1.0933117880224486e-05,13.61111111111111,0
-60.656448600287256,32.52964361509428,4.875,4.875,0.5098326953573864,0.8602735743614484,0,69,2.6066023529407207,-2.4649303356592786e-15,13.61111111111111,0
-61.5167221746487,33.03947631045166,4.875,4.875,0.5098811182661834,0.8602448751580135,0,70,2.6065460641996174,0.00011257748227224048,13.61111111111111,0
-62.376938347753814,33.54940584993772,4.875,4.875,0.5099306396055596,0.8602155211291325,0,71,2.606488496656105,2.5576047994164937e-06,13.61111111111111,0
-63.23715321678172,34.05933758958854,4.875,4.875,0.5100970601131612,0.8601168462853811,0,72,2.6062950218250376,0.00038439206155087356,13.61111111111111,0
-64.0971720032475,34.569599948175274,4.875,4.875,0.510276160989331,0.860010604310197,0,73,2.6060867804235524,3.2090743264918484e-05,13.61111111111111,0
-64.9571744198764,35.079889908288585,4.875,4.875,0.5102899601133094,0.8600024166289052,0,74,2.606070735052023,-7.225904961212752e-15,13.61111111111111,0
-65.81717683650531,35.5901798684019,4.875,4.875,0.5103030476699582,0.859994650877988,0,75,2.606055516936951,3.0436230152693674e-05,13.61111111111111,0
-66.67716372140113,36.10049600349129,4.875,4.875,0.5103171889495927,0.8599862595777829,0,76,2.6060390734060395,2.450831671391546e-06,13.61111111111111,0
-67.5371493556275,36.61081424628128,4.875,4.875,0.5103182427899903,0.8599856342263728,0,77,2.606037847990204,-0.0,13.61111111111111,0
-68.39713498985388,37.12113248907127,4.875,4.875,0.5104705107238646,0.8598952597155753,0,78,2.6058607799920503,0.00035413599954996574,13.61111111111111,0
-69.25693984368868,37.631755249106455,4.875,4.875,0.5106352130370093,0.8597974640615359,0,79,2.6056692314550776,2.8961075823462966e-05,13.61111111111111,0
-70.11672991338756,38.14240291241964,4.875,4.875,0.5101614797431084,0.8600786386059835,0,80,2.606220123791084,-0.0011307458580475686,13.61111111111111,0
-70.97709679769169,38.65207801687908,4.875,4.875,0.5096324137044738,0.8603922378204909,0,81,2.6068351484674177,-9.930354152768675e-05,13.61111111111111,0
-71.83751433860195,39.16166770995962,4.875,4.875,0.5095896930805432,0.8604175409102709,0,82,2.6068848002353815,-7.232882552236636e-15,13.61111111111111,0
-72.69793187951223,39.671257403040165,4.875,4.875,0.5097014362024178,0.8603513502826579,0,83,2.6067549244312693,0.00025975160957122814,13.61111111111111,0
-73.55821702212397,40.18107057226743,4.875,4.875,0.5098229143602145,0.8602793708983479,0,84,2.60661372253815,2.265217724390121e-05,13.61111111111111,0
-74.41849061866765,40.69090323019531,4.875,4.875,0.5098326579278801,0.860273596543677,0,85,2.6066023964495613,-0.0,13.61111111111111,0
-75.27876421521132,41.20073588812319,4.875,4.875,0.5096268605399166,0.8603955270782319,0,86,2.60684160267946,-0.00047841246817662106,13.61111111111111,0
-76.13928161500458,41.71015691702765,4.875,4.875,0.5094030802297235,0.8605280366452158,0,87,2.6071016726949434,-4.172756639733668e-05,13.61111111111111,0
-76.99982027953781,42.21954204327629,4.875,4.875,0.5100812368983333,0.8601262301338487,0,88,2.6063134183121903,0.0016182366041797406,13.61111111111111,0
-77.85953344039282,42.73031901432133,4.875,4.875,0.5108213478283974,0.8596868910264827,0,89,2.6054527307464665,0.00010313866495436136,13.61111111111111,0
-78.71919398756248,43.241184694945865,4.875,4.875,0.5108656806245346,0.8596605471696551,0,90,2.6054011614183104,-0.0,13.61111111111111,0
-79.57885453473213,43.7520503755704,4.875,4.875,0.5110514010420413,0.8595501529829233,0,91,2.6051851082995534,0.00043210624262968834,13.61111111111111,0
-80.43829424829882,44.26328747013844,4.875,4.875,0.5112489139699029,0.8594326896066933,0,92,2.6049553062071777,2.749794467010428e-05,13.61111111111111,0
-81.29771990867715,44.77454820037622,4.875,4.875,0.5112607302377836,0.8594256603783298,0,93,2.6049415572349246,-0.0,13.61111111111111,0
-82.15714556905549,45.28580893061401,4.875,4.875,0.5112796990748978,0.8594143757896315,0,94,2.604919485562501,4.414334485284993e-05,13.61111111111111,0
-83.01654865978485,45.797107598245475,4.875,4.875,0.5112998661618551,0.8594023777386639,0,95,2.604896019318162,2.7891438280943297e-06,13.61111111111111,0
-83.87595032447824,46.30840866290525,4.875,4.875,0.5111660128183825,0.8594819994271883,0,96,2.605051763759126,-0.00031427803105868576,13.61111111111111,0
-84.73551262558858,46.81943960422579,4.875,4.875,0.5109933097393327,0.8595846889060103,0,97,2.605252690319615,-8.757509091720095e-05,13.61111111111111,0
-85.59511968881299,47.330395274372144,4.875,4.875,0.510955670146354,0.8596070632244074,0,98,2.605296477864461,-1.1485190847297977e-15,13.61111111111111,0
-86.4547267520374,47.8413509445185,4.875,4.875,0.5108610100378531,0.8596633227159948,0,99,2.6054065944687825,-0.000220233210481578,13.61111111111111,0
-87.3144463179675,48.35211728477484,4.875,4.875,0.5107397631276888,0.8597353629811166,0,100,2.6055476285535146,-6.18349593292385e-05,13.61111111111111,0
-88.17419747132384,48.86283046680801,4.875,4.875,0.51071318203317,0.8597511533563384,0,101,2.6055785460329646,1.1489041540097887e-15,13.61111111111111,0
-89.03394862468016,49.37354364884118,4.875,4.875,0.5106985766357325,0.8597598291512792,0,102,2.6055955338830983,-3.3975700276091596e-05,13.61111111111111,0
-89.89371712923833,49.884227619848964,4.875,4.875,0.510679852043367,0.8597709513102689,0,103,2.6056173126061983,-9.581745924473637e-06,13.61111111111111,0
-90.75349052714103,50.39490335283307,4.875,4.875,0.510729572084402,0.8597414170542697,0,104,2.6055594822097023,0.00012524253915817925,13.61111111111111,0
-91.61319995873406,50.90568676127753,4.875,4.875,0.5107933207270012,0.8597035439619187,0,105,2.605485331953061,2.3057974187450977e-05,13.61111111111111,0
-92.47289761370925,51.41648999348163,4.875,4.875,0.5108032322041027,0.8596976549751904,0,106,2.605473802965984,-0.0,13.61111111111111,0
-93.33259526868444,51.92729322568574,4.875,4.875,0.5105609015778022,0.8598415934229174,0,107,2.6057556582652124,-0.0005637106209566628,13.61111111111111,0
-94.19258070668472,52.43761174089844,4.875,4.875,0.5102731752770837,0.8600123758369077,0,108,2.6060902521355955,-0.00010547712558870956,13.61111111111111,0
-95.0526199923987,52.947839559650596,4.875,4.875,0.5102278187521542,0.8600392857139835,0,109,2.606142990696806,-6.0768501786029495e-15,13.61111111111111,0
-95.91265927811268,53.458067378402745,4.875,4.875,0.5101404686570294,0.8600911011273087,0,110,2.6062445528757174,-0.000203124358871171,13.61111111111111,0
-96.77280218246916,53.96812048973794,4.875,4.875,0.5100368048712682,0.8601525781375696,0,111,2.6063650750864777,-3.79200629229779e-05,13.61111111111111,0
-97.63296443076597,54.47814098599766,4.875,4.875,0.5105935878319968,0.859822183980414,0,112,2.60571764356185,0.0013327833962244742,13.61111111111111,0
-98.49244603412625,54.98930735880205,4.875,4.875,0.5112673078154606,0.8594217474320341,0,113,2.6049339037601054,0.00023469628341730382,13.61111111111111,0
-99.35180777938204,55.50067551462611,4.875,4.875,0.5113681558240559,0.8593617452558056,0,114,2.6048165556369605,-1.3364412387982159e-14,13.61111111111111,0
-100.21116952463785,56.01204367045016,4.875,4.875,0.5103702001452873,0.8599548004422438,0,115,2.605977430368484,-0.0023217552888316916,13.61111111111111,0
-101.07171421360292,56.521414035549604,4.875,4.875,0.5087566549229683,0.8609103705215728,0,116,2.607852701919898,-0.0014287883167740337,13.61111111111111,0
-101.93298781631687,57.02955553283961,4.875,4.875,0.5081414972900086,0.8612736027139507,0,117,2.608567094361539,6.176661005429256e-15,13.61111111111111,0
-102.79426141903082,57.53769703012962,4.875,4.875,0.5085806986258776,0.8610143279790495,0,118,2.608057073570565,0.0010200443696202015,13.61111111111111,0
-103.65501392524733,58.04671542562268,4.875,4.875,0.5112947130002609,0.8594054435817712,0,119,2.604902015522659,0.005290076414769163,13.61111111111111,0
-104.51306397491871,58.560281499520634,4.875,4.875,0.5135660738979494,0.8580500496713732,0,120,2.6022569867782472,-6.130511829358442e-15,13.61111111111111,0
-105.37111402459009,59.07384757341858,4.875,4.875,0.5135844805226775,0.8580390325423731,0,121,2.602235534949297,4.2903658112600934e-05,13.61111111111111,0
-106.22914203551453,59.587450457879115,4.875,4.875,0.5136983074885546,0.8579708904638865,0,122,2.6021028702552482,0.00022242573030824563,13.61111111111111,0
-107.08705579081246,60.101244179591035,4.875,4.875,0.51231116166292,0.8587999031413485,0,123,2.603718864107114,-0.0034544196721624956,13.61111111111111,0
-107.94673804077738,60.61207051373277,4.875,4.875,0.5104679832373883,0.8598967601343509,0,124,2.605863719285229,-0.0008352919583744973,13.61111111111111,0
-108.80684792049902,61.12217932056246,4.875,4.875,0.5101088068296886,0.8601098797216501,0,125,2.606281364652585,-7.30984400369295e-15,13.61111111111111,0
-109.66695780022069,61.63228812739215,4.875,4.875,0.5096294323620029,0.8603940037392072,0,126,2.6068386135607557,-0.0011144980236826134,13.61111111111111,0
-110.5276355359217,62.14143795306362,4.875,4.875,0.5090378071806199,0.8607441610959357,0,127,2.60752609486838,-0.00026046463774184964,13.61111111111111,0
-111.3884459828824,62.65036365923628,4.875,4.875,0.5090383049191579,0.8607438667368071,0,128,2.607525516602914,0.0002616211326005919,13.61111111111111,0
-112.24912324899783,63.159514550839,4.875,4.875,0.5091725616715524,0.8606644540358508,0,129,2.607369531819406,5.034843501858559e-05,13.61111111111111,0
-113.10977488474023,63.66870877890323,4.875,4.875,0.509194228064238,0.8606516357423977,0,130,2.607344357602058,1.3404562105999637e-14,13.61111111111111,0
-113.97042652048262,64.17790300696747,4.875,4.875,0.5096799044616867,0.860364106055062,0,131,2.606779950928998,0.0011288135315506893,13.61111111111111,0
-114.83050271744574,64.68806836306722,4.875,4.875,0.5102586959674242,0.8600209667151283,0,132,2.606107088215805,0.00021691194241351604,13.61111111111111,0
-115.69046833850732,65.19842033043109,4.875,4.875,0.5103519673638746,0.8599656210615764,0,133,2.6059986322580415,-0.0,13.61111111111111,0
-116.55043395956889,65.70877229779497,4.875,4.875,0.5104082048745779,0.8599322440731658,0,134,2.605933235920476,0.00013079267541087492,13.61111111111111,0
-117.41033282161202,66.21923673718781,4.875,4.875,0.5104748682352791,0.8598926728959693,0,135,2.6058557124935153,2.425417858283856e-05,13.61111111111111,0
-118.27021930387046,66.72972203338077,4.875,4.875,0.5108219028493151,0.8596865612357826,0,136,2.6054520851381295,0.0007830006032347041,13.61111111111111,0
-119.12970575110857,67.24088042822156,4.875,4.875,0.5112365829487489,0.8594400248155115,0,137,2.6049696540073963,0.00018186167368031464,13.61111111111111,0
-119.9890992852041,67.75219515865167,4.875,4.875,0.5113147304301058,0.8593935340955203,0,138,2.6048787231771273,-4.919779560043203e-15,13.61111111111111,0
-120.84849281929962,68.26350988908177,4.875,4.875,0.5106573087264548,0.8597843410089848,0,139,2.6056435325445877,-0.0015296192836447033,13.61111111111111,0
-121.70866722020423,68.77350933242342,4.875,4.875,0.5098399238564705,0.8602692904213356,0,140,2.606593950361242,-0.00037121646578648377,13.61111111111111,0
-122.56903112626675,69.28318957448195,4.875,4.875,0.5096802420585309,0.8603639060625203,0,141,2.6067795585406115,-1.2162876875283909e-14,13.61111111111111,0
-123.42939503232927,69.79286981654047,4.875,4.875,0.509694031972694,0.8603557367574289,0,142,2.6067635304628007,3.2056155638474554e-05,13.61111111111111,0
-124.28974259945271,70.30257763823249,4.875,4.875,0.509711186620302,0.860345573728443,0,143,2.606743591328097,7.822113769882437e-06,13.61111111111111,0
-125.15008617966514,70.81229218970938,4.875,4.875,0.5102797804573718,0.8600084567353837,0,144,2.606082571786424,0.001314217405970694,13.61111111111111,0
-126.00975890394776,71.32313683781591,4.875,4.875,0.5110255233000579,0.8595655382435373,0,145,2.605215214175631,0.0004204978912317015,13.61111111111111,0
-126.86921698064656,71.83434307251696,4.875,4.875,0.5112062347010409,0.8594580766987907,0,146,2.6050049652892904,-4.920518563285786e-15,13.61111111111111,0
-127.72867505734534,72.345549307218,4.875,4.875,0.5113781907213162,0.859355773853061,0,147,2.604804878444928,0.0004001737005655051,13.61111111111111,0
-128.58792847283576,72.85709942092305,4.875,4.875,0.5116028782016985,0.8592220289399813,0,148,2.6045433977267005,0.00012278773795026027,13.61111111111111,0
-129.44711909087718,73.36875504912389,4.875,4.875,0.5116556282008412,0.859190618041423,0,149,2.6044820038592627,-0.0,13.61111111111111,0
-130.3063097089186,73.88041067732473,4.875,4.875,0.5117494854577677,0.8591347182681596,0,150,2.6043727611508536,0.00021848541873424745,13.61111111111111,0
-131.16538851089368,74.39225401019928,4.875,4.875,0.5118720179223333,0.8590617191262329,0,151,2.604230131982627,6.677291805081242e-05,13.61111111111111,0
-132.02443313994712,74.90415470886501,4.875,4.875,0.5112417321146364,0.8594369618211835,0,152,2.6049636626933843,-0.0015338351462278875,13.61111111111111,0
-132.88426154037174,75.41473694252903,4.875,4.875,0.5103289252245473,0.8599792951456207,0,153,2.6060254263013958,-0.0005896921898753185,13.61111111111111,0
-133.7443912665554,75.92481228415535,4.875,4.875,0.5100753416263241,0.8601297261836663,0,154,2.6063202722596945,-0.0,13.61111111111111,0
-134.60452099273905,76.43488762578167,4.875,4.875,0.5100976899430077,0.8601164727609901,0,155,2.6062942895640826,5.1965391255467215e-05,13.61111111111111,0
-135.46462421104903,76.9450076634315,4.875,4.875,0.5101286529024097,0.8600981092224147,0,156,2.6062582906140412,2.0032508832612405e-05,13.61111111111111,0
-136.3247172106499,77.45514493126979,4.875,4.875,0.5101372678382996,0.8600929996009007,0,157,2.6062482743596314,-2.299635937558159e-15,13.61111111111111,0
-137.18481021025082,77.96528219910809,4.875,4.875,0.5101838550296457,0.8600653661595085,0,158,2.606194108194164,0.00010833233122044474,13.61111111111111,0
-138.04484793851626,78.47551263868779,4.875,4.875,0.5102482488580318,0.8600271649996366,0,159,2.606119235677495,4.141270216199522e-05,13.61111111111111,0
-138.90486453795216,78.98577869546081,4.875,4.875,0.511175526241004,0.8594763413685292,0,160,2.6050406949363447,0.0021156706497825356,13.61111111111111,0
-139.76379902085432,79.49786273932882,4.875,4.875,0.5123860613824152,0.8587552178013336,0,161,2.6036316474367034,0.0007024246575691991,13.61111111111111,0
-140.62237422953024,80.01055037429491,4.875,4.875,0.5126876349660885,0.8585752086759079,0,162,2.6032804353741628,1.4567563514768333e-14,13.61111111111111,0
-141.48094943820612,80.523238009261,4.875,4.875,0.5124302983289453,0.8587288217793252,0,163,2.603580133774275,-0.0005993968423608583,13.61111111111111,0
-142.3398317449626,81.03541089449584,4.875,4.875,0.5116763428713095,0.8591782819332913,0,164,2.6044578941695824,-0.0011561241825578108,13.61111111111111,0
-143.1993055302889,81.54659041403677,4.875,4.875,0.5110400186454094,0.8595569203624037,0,165,2.605198350519085,-0.0003247886341052188,13.61111111111111,0
-144.0589454292985,82.05749083880737,4.875,4.875,0.5109004247705914,0.8596398990095965,0,166,2.6053607448103473,-2.674613047104141e-14,13.61111111111111,0
-144.9185853283081,82.56839126357795,4.875,4.875,0.5109736368467385,0.859596383454245,0,167,2.6052755766727858,0.00017033627611820284,13.61111111111111,0
-145.77813818587512,83.07943810635923,4.875,4.875,0.512073581636347,0.8589415853188873,0,168,2.603995483175413,0.002389856087221368,13.61111111111111,0
-146.6364654885419,83.59253663214379,4.875,4.875,0.5138614626519796,0.857873182469978,0,169,2.6019126954421554,0.0017757199699260488,13.61111111111111,0
-147.49388209690133,84.10715956178194,4.875,4.875,0.5146229296381583,0.8574166083594598,0,170,2.601024837378488,-4.4462606744711994e-14,13.61111111111111,0
-147.56509609968077,84.14990232928179,4.875,4.875,0.4917283971153948,0.8707486339181502,0,171,2.6275190553207555,-0.05261841901588968,13.61111111111111,0
-148.43692455570582,84.63971366363917,4.875,4.875,0.49151355180281964,0.8708699262198557,0,172,2.627765774454787,0.003907239628367293,13.61111111111111,0
-149.30679840187116,85.13290823976104,4.875,4.875,0.5019392076608756,0.8649029031126976,0,173,2.6157532226832108,0.020118194017985702,13.61111111111111,0
-150.16660886295253,85.64352156803898,4.875,4.875,0.5116270162325445,0.8592076560767972,0,174,2.6045153046006857,0.0023587676507661323,13.61111111111111,0
-151.025209916494,86.1561600109342,4.875,4.875,0.5137420997836504,0.8579446689092984,0,175,2.6020518277725957,0.0025681869053550965,13.61111111111111,0
-151.88249418751707,86.67100336444715,4.875,4.875,0.5148433535129389,0.8572842710230668,0,176,2.600767738456785,-0.0,13.61111111111111,0
-152.73977845854014,87.18584671796009,4.875,4.875,0.515271325062731,0.8570271066705518,0,177,2.600268445800305,0.0009985914286677199,13.61111111111111,0
-153.59654296128383,87.7015427441315,4.875,4.875,0.5209212288784887,0.8536047523905459,0,178,2.5936628360172462,0.012212668584081857,13.61111111111111,0
-154.44695093023557,88.22766657588917,4.875,4.875,0.5261238317576717,0.8504079689517409,0,179,2.5875565591703773,-0.0,13.61111111111111,0
-155.29735889918732,88.75379040764685,4.875,4.875,0.5247914519581065,0.8512308335297203,0,180,2.5891225548744417,-0.0031319976066210807,13.61111111111111,0
-156.14940897859543,89.2772472488446,4.875,4.875,0.5229683385293523,0.8523521085184507,0,181,2.59126288240154,-0.0011486580423551317,13.61111111111111,0
-157.0020613018679,89.79972597149084,4.875,4.875,0.5193564180318095,0.8545577283303734,0,182,2.5954949924152597,-0.007315906443321273,13.61111111111111,0
-157.85847413581192,90.31592951548227,4.875,4.875,0.5108925275808854,0.859644592411314,0,183,2.6053699314106398,-0.01243404110965812,13.61111111111111,0
-158.7212781658584,90.82146804589864,4.875,4.875,0.5057218962666363,0.8626965652165758,0,184,2.6113741028349478,0.0004250733362995773,13.61111111111111,0
-159.5838661783989,91.32737267030855,4.875,4.875,0.5083703762874843,0.8611385257398032,0,185,2.608301328703776,0.0057204813136948335,13.61111111111111,0
-160.44354712543486,91.83820402144445,4.875,4.875,0.5108313511359068,0.859680947035971,0,186,2.605441094716889,-0.0,13.61111111111111,0
-161.30322807247083,92.34903537258036,4.875,4.875,0.5111408002439483,0.8594969937853048,0,187,2.605081098119269,0.0007199932096821084,13.61111111111111,0
-162.1625409984114,92.86048555378353,4.875,4.875,0.5108118434724997,0.8596925383927828,0,188,2.605463786311905,-0.0014853753267397938,13.61111111111111,0
-163.02260940871506,93.37065683697168,4.875,4.875,0.5079889765416093,0.8613635699936515,0,189,2.608744172565141,-0.005075401777623894,13.61111111111111,0
-163.88525932183828,93.87645830730217,4.875,4.875,0.5051385414368205,0.8630382691138798,0,190,2.6120501682373396,-0.001536618341214617,13.61111111111111,0
-164.7486826925594,94.38093201504626,4.875,4.875,0.5026870761776119,0.8644684513873273,0,191,2.614888320569307,-0.004139689235607842,13.61111111111111,0
-165.614189771548,94.88182870721006,4.875,4.875,0.5014185556134669,0.8652048497821222,0,192,2.616355095058871,0.0012061264348146544,13.61111111111111,0
-166.47909060570396,95.38376809097619,4.875,4.875,0.503159549060345,0.8641935363038712,0,193,2.6143416863813256,0.002820691864360108,13.61111111111111,0
-167.34257365517715,95.8881459486112,4.875,4.875,0.5050510601274211,0.8630894661992858,0,194,2.612151529576405,0.0015596304465395779,13.61111111111111,0
-168.20526741439403,96.39386896850792,4.875,4.875,0.5067482839305116,0.8620940648986523,0,195,2.610183943838488,0.0023755416478723097,13.61111111111111,0
-169.0667589717253,96.90164086281372,4.875,4.875,0.5077165843121633,0.8615241552123714,0,196,2.6090603768345098,-0.00012840276151751648,13.61111111111111,0
-169.9283157174224,97.40930213277339,4.875,4.875,0.5076313234391504,0.8615743957798517,0,197,2.6091593391055814,-6.952178071154938e-05,13.61111111111111,0
-170.7899077583984,97.91690350681289,4.875,4.875,0.5078991994539716,0.8614165097059696,0,198,2.60884839606832,0.0006914079000030682,13.61111111111111,0
-171.65114859191675,98.42510044623657,4.875,4.875,0.5082576508388066,0.8612050628995499,0,199,2.608432226451775,0.00014093134458624198,13.61111111111111,0
-172.5123178379629,98.93341878120421,4.875,4.875,0.5122674231332867,0.8588259935495561,0,200,2.603769793159486,0.009183999156221874,13.61111111111111,0
-173.3687786929484,99.44962223803174,4.875,4.875,0.4516493838645026,0.8921955133572547,0,201,2.672979497874043,-0.0030404069149096336,13.61111111111111,0
-215.88030348634322,120.88726600896139,8.125,1.625,0.45152865880171894,0.8922566168321313,0,202,2.6731148055806013,0.0027793804576161703,13.61111111111111,0
-216.74015324237385,121.39781316343846,8.125,1.625,0.5105537961212014,0.8598458124956071,0,203,2.6057639219258943,1.5448353345674994e-05,13.61111111111111,0
-217.59999511123607,121.90837360114539,8.125,1.625,0.5105604377069315,0.8598418688622382,0,204,2.605756197749229,-1.4528496514996822e-14,13.61111111111111,0
-218.45983698009832,122.41893403885231,8.125,1.625,0.5105842779112849,0.8598277124807108,0,205,2.605728471255011,5.545298864342606e-05,13.61111111111111,0
-219.3196505326329,122.92954215485122,8.125,1.625,0.5106604772736287,0.8597824590852443,0,206,2.6056398472592313,0.0001217950029787811,13.61111111111111,0
-220.17940189217686,123.44025498978131,8.125,1.625,0.5107128349300782,0.8597513595439572,0,207,2.605578949757983,-1.2227628646878528e-14,13.61111111111111,0
-221.03915325172082,123.95096782471138,8.125,1.625,0.5107936462294883,0.8597033505643585,0,208,2.605484953331237,0.00018799286103629055,13.61111111111111,0
-221.8988085522257,124.46184225783263,8.125,1.625,0.5110971353845146,0.8595229596710858,0,209,2.6051319001583453,0.0005181134931036995,13.61111111111111,0
-222.75819907367105,124.97316203756836,8.125,1.625,0.5113798381311364,0.8593547935241722,0,210,2.6048029614149737,0.0001397640182926134,13.61111111111111,0
-223.61751812884668,125.48460192788986,8.125,1.625,0.5114398903214957,0.8593190551756295,0,211,2.604733079406377,-0.0,13.61111111111111,0
-224.47683718402232,125.99604181821135,8.125,1.625,0.5112862319118697,0.8594104892642175,0,212,2.6049118840469485,-0.000357609313680693,13.61111111111111,0
-225.3363390051557,126.50717433090054,8.125,1.625,0.5108170822028525,0.859689425624024,0,213,2.605457692575362,-0.0007340077765689123,13.61111111111111,0
-226.19621582197104,127.01767585587717,8.125,1.625,0.5104096822280582,0.8599313671961575,0,214,2.6059315179313627,-0.00021364301215570622,13.61111111111111,0
-227.05620170699027,127.5279936760321,8.125,1.625,0.5103178201549236,0.859985885019241,0,215,2.6060383394344657,-1.45333637203173e-14,13.61111111111111,0
-227.91618759200952,128.03831149618702,8.125,1.625,0.5105127057138186,0.8598702095693025,0,216,2.605811709359224,0.0004532601938304056,13.61111111111111,0
-228.77594200542407,128.5490190157962,8.125,1.625,0.510444158817002,0.8599109027856335,0,217,2.6058914251978127,-0.0006126919898821108,13.61111111111111,0
-229.6360090796924,129.0591996251221,8.125,1.625,0.5100208969024542,0.8601620107414744,0,218,2.6063835693420243,-0.0003715963621468089,13.61111111111111,0
-230.49626583652335,129.5690606967158,8.125,1.625,0.5098610715937189,0.8602567568309503,0,219,2.606569367487555,-0.0,13.61111111111111,0
-231.3565225933543,130.07892176830953,8.125,1.625,0.509623715035597,0.8603973902060121,0,220,2.6068452585572683,-0.0005517821765749752,13.61111111111111,0
-232.2170605021462,130.588308058796,8.125,1.625,0.5092969568405864,0.8605908492151877,0,221,2.607224991763573,-0.00020768424186413871,13.61111111111111,0
-233.07770423319442,131.09751564731704,8.125,1.625,0.5093013909981985,0.8605882250689352,0,222,2.6072198392984074,0.00021798917992140783,13.61111111111111,0
-233.93823686476136,131.60691078899592,8.125,1.625,0.5097497219496434,0.8603227423311912,0,223,2.6066988002094655,0.0008240890166717154,13.61111111111111,0
-234.7983494945154,132.11701495888434,8.125,1.625,0.5101041698884232,0.8601126297540588,0,224,2.60628675574733,-1.4537647890794673e-14,13.61111111111111,0
-235.65846212426948,132.62711912877276,8.125,1.625,0.5102989048258566,0.8599971091425432,0,225,2.6060603342206123,0.0004528430785784034,13.61111111111111,0
-236.5183436266804,133.13761271743473,8.125,1.625,0.5105864137042753,0.8598264441970872,0,226,2.605725987275332,0.00021585081530156832,13.61111111111111,0
-237.37811496062596,133.64829192528003,8.125,1.625,0.5106325498864501,0.8597990457057172,0,227,2.6056723288683883,-0.00010853399437824008,13.61111111111111,0
-238.237941685496,134.15887779784904,8.125,1.625,0.5103088557989306,0.8599912044278047,0,228,2.606048763243071,-0.0006443347636610115,13.61111111111111,0
-239.09809725015097,134.6689095660685,8.125,1.625,0.5100317682194657,0.8601555646549787,0,229,2.606370930609308,2.4396115775966236e-14,13.61111111111111,0
-239.95825281480595,135.17894133428797,8.125,1.625,0.510062251338477,0.8601374888699621,0,230,2.606335491160261,7.087889889764314e-05,13.61111111111111,0
-240.81837221690927,135.68903406223333,8.125,1.625,0.5102324176289241,0.8600365573628502,0,231,2.6061376434014663,0.00032481661981206134,13.61111111111111,0
-241.67832589694675,136.19940615021423,8.125,1.625,0.5102603741047986,0.8600199710578998,0,232,2.606105136939719,-0.0002598037000438234,13.61111111111111,0
-242.53841211800722,136.70955478610654,8.125,1.625,0.5100466190822958,0.8601467586189693,0,233,2.606353665198887,-0.00023725281929375775,13.61111111111111,0
-243.39861937557114,137.2194993654819,8.125,1.625,0.5099445793753811,0.8602072575639348,0,234,2.606472291604656,9.940352945419474e-15,13.61111111111111,0
-244.2588266331351,137.7294439448573,8.125,1.625,0.5100040323076543,0.860172010140956,0,235,2.606403175528491,0.00013823215340790524,13.61111111111111,0
-245.11896338550528,138.23950742396192,8.125,1.625,0.510108612404883,0.8601099950299176,0,236,2.606281590699044,0.000104937505610354,13.61111111111111,0
-245.9790466145888,138.749661164563,8.125,1.625,0.5101537406010659,0.8600832290835233,0,237,2.6062291219466505,-2.447414070997569e-14,13.61111111111111,0
-246.83912984367234,139.25981490516406,8.125,1.625,0.5087383355895646,0.8609211961042424,0,238,2.6078739808112346,-0.0032897281606780065,13.61111111111111,0
-247.70088426310028,139.76713503258136,8.125,1.625,0.5065867242088609,0.8621890110963695,0,239,2.6103713373395054,-0.0017049862773244229,13.61111111111111,0
-248.56350482130145,140.2729865647217,8.125,1.625,0.5071053138175886,0.8618840993416487,0,240,2.6097697507943085,0.0029081583827702882,13.61111111111111,0
-249.42464971866727,140.78134404625376,8.125,1.625,0.508609768334826,0.8609971565309578,0,241,2.608023311067577,0.0005847219430292604,13.61111111111111,0
-250.28549814091818,141.29020551454164,8.125,1.625,0.5088614682878823,0.8608484222509214,0,242,2.6077309504118187,-0.0,13.61111111111111,0
-251.1463465631691,141.79906698282952,8.125,1.625,0.5096101342893927,0.8604054341004287,0,243,2.606861042755216,0.0017398177225378805,13.61111111111111,0
-252.00630725198644,142.30942474238714,8.125,1.625,0.510993665258143,0.859584477562298,0,244,2.605252276725866,0.0014777146115090187,13.61111111111111,0
-252.86551394406456,142.82105337752026,8.125,1.625,0.5116286351331205,0.8592066920781171,0,245,2.604513420421148,-0.0,13.61111111111111,0
-253.72472063614268,143.33268201265338,8.125,1.625,0.5116041541070148,0.8592212692318818,0,246,2.6045419127718956,-5.6984701578983116e-05,13.61111111111111,0
-254.58395648066636,143.84426168462562,8.125,1.625,0.5115592378658108,0.859248012016409,0,247,2.6045941874813523,-4.756471734329585e-05,13.61111111111111,0
-255.44321665852502,144.35580048740238,8.125,1.625,0.5115388027767735,0.8592601778586654,0,248,2.604617969839978,2.4427322372578383e-14,13.61111111111111,0
-256.3024768363837,144.86733929017916,8.125,1.625,0.5112467457156574,0.8594339794278266,0,249,2.6049578290954094,-0.0006797186763807728,13.61111111111111,0
-257.1620843213515,145.37829380273644,8.125,1.625,0.5106362184446706,0.8597968669473777,0,250,2.6056680621006048,-0.0007407473568634988,13.61111111111111,0
-258.02207025549046,145.88861154011488,8.125,1.625,0.5103177373784292,0.8599859341390187,0,251,2.6060384356877804,-5.337111580417103e-14,13.61111111111111,0
-258.8820561896295,146.3989292774933,8.125,1.625,0.5103453595795095,0.8599695424581391,0,252,2.6060063160178775,6.423934003332247e-05,13.61111111111111,0
-259.74200933730236,146.90930225743162,8.125,1.625,0.5104074942833327,0.8599326658404189,0,253,2.6059340622542666,8.026818721374347e-05,13.61111111111111,0
-260.60192151770815,147.4197442639219,8.125,1.625,0.5104420064902778,0.8599121804057547,0,254,2.605893928160757,2.9061745358616445e-14,13.61111111111111,0
-261.4618336981139,147.93018627041218,8.125,1.625,0.5104078377881298,0.8599324619552667,0,255,2.605933662798761,-7.94692763623315e-05,13.61111111111111,0
-262.3217864369141,148.4405599367058,8.125,1.625,0.5103315515153426,0.8599777366466781,0,256,2.6060223723985985,-9.79499233589127e-05,13.61111111111111,0
-263.1817891659975,148.9508493702326,8.125,1.625,0.5102894335267996,0.8600027290834013,0,257,2.6060713473600865,-2.8985753463318683e-14,13.61111111111111,0
-264.0417918950809,149.46113880375938,8.125,1.625,0.5101352974394059,0.8600941682783397,0,258,2.606250565271842,-0.00035843600896038767,13.61111111111111,0
-264.9019770334673,149.97111968688864,8.125,1.625,0.5096181988619602,0.8604006574780679,0,259,2.6068516697379924,-0.0008437729445669008,13.61111111111111,0
-265.76259261527724,150.48037484920508,8.125,1.625,0.5092551623164423,0.8606155818099356,0,260,2.607273555983858,2.8944849987747663e-14,13.61111111111111,0
-266.62320819708714,150.9896300115215,8.125,1.625,0.5093377337335535,0.860566716179035,0,261,2.6071776086607366,0.00019189465137953076,13.61111111111111,0
-267.4837260175952,151.49905029889254,8.125,1.625,0.5095355494904351,0.8604496056164361,0,262,2.6069477261738534,0.0002678703232561945,13.61111111111111,0
-268.34410737076996,152.00870108826624,8.125,1.625,0.5096507893736749,0.8603813531747362,0,263,2.6068137910159823,4.520171349330698e-15,13.61111111111111,0
-269.2044887239447,152.5183518776399,8.125,1.625,0.509727877629808,0.8603356849317663,0,264,2.606724190861658,0.00017920031280459222,13.61111111111111,0
-270.0647787146599,153.02815682813713,8.125,1.625,0.5099113507295824,0.8602269551677236,0,265,2.6065109198132195,0.0002473417847550073,13.61111111111111,0
-270.92494260205916,153.53817455999965,8.125,1.625,0.5100177318625166,0.8601638873992642,0,266,2.6063872489238302,-0.0,13.61111111111111,0
-271.7851064894584,154.04819229186216,8.125,1.625,0.5101165791400449,0.8601052701189885,0,267,2.6062723282127456,0.00022984146827361883,13.61111111111111,0
-272.6451529598775,154.55840761008918,8.125,1.625,0.5104952717110584,0.8598805600550885,0,268,2.6058319843933364,0.0006508461798004424,13.61111111111111,0
-273.5048673474914,155.06918267969388,8.125,1.625,0.5107750696046831,0.8597143876138931,0,269,2.6055065613726014,-2.445315403771302e-14,13.61111111111111,0
-274.36458173510533,155.57995774929856,8.125,1.625,0.5107866765812419,0.8597074915499398,0,270,2.605493060350311,2.7002044622550595e-05,13.61111111111111,0
-275.2242823299047,156.09075603244844,8.125,1.625,0.5108179059023681,0.859688936191178,0,271,2.60545673443894,4.5649778122666665e-05,13.61111111111111,0
-276.08395960650995,156.60159356052233,8.125,1.625,0.5108375280738868,0.859677276605216,0,272,2.6054339095498946,-0.0,13.61111111111111,0
-276.9436368831152,157.11243108859622,8.125,1.625,0.5108088787478012,0.8596942999650597,0,273,2.6054672348955887,-6.665069164467046e-05,13.61111111111111,0
-277.80334820230763,157.62321131556254,8.125,1.625,0.5107325505381417,0.8597396476962107,0,274,2.605556017846179,-0.00011091520958844109,13.61111111111111,0
-278.6631161726856,158.13389618621392,8.125,1.625,0.5106848706513856,0.8597679703779256,0,275,2.60561147545072,5.350820095926557e-14,13.61111111111111,0
-279.5228841430635,158.64458105686532,8.125,1.625,0.5107936853174363,0.859703327340212,0,276,2.605484907864451,0.00025313518633373667,13.61111111111111,0
-280.38252276831025,159.15548352176074,8.125,1.625,0.5110813592992804,0.8595323403902845,0,277,2.605150254524529,0.0004161714963013471,13.61111111111111,0
-281.24194874135173,159.6667437264136,8.125,1.625,0.5112602046528828,0.8594259730414786,0,278,2.604942168788465,2.443674983867553e-14,13.61111111111111,0
-282.1013747143932,160.1780039310665,8.125,1.625,0.5112602033482209,0.8594259738176033,0,279,2.604942170306527,-3.036149237351059e-09,13.61111111111111,0
-282.9608006889869,160.68926413311004,8.125,1.625,0.5112601999022399,0.8594259758675681,0,280,2.604942174316158,-4.983112046954187e-09,13.61111111111111,0
-283.82022666612835,161.200524330871,8.125,1.625,0.5112601977609443,0.8594259771413941,0,281,2.6049421768076995,2.9028891024923045e-14,13.61111111111111,0
-284.6796526432697,161.71178452863194,8.125,1.625,0.5111630103277648,0.8594837851132838,0,282,2.605055257127807,-0.00022616065008556046,13.61111111111111,0
-285.53919418935084,162.22285032357166,8.125,1.625,0.5109065573199352,0.8596362542886914,0,283,2.60535361093679,-0.0003705469698579982,13.61111111111111,0
-286.3989250863189,162.73359760432652,8.125,1.625,0.5107472807548435,0.8597308969680764,0,284,2.6055388844131615,-2.4454093209287096e-14,13.61111111111111,0
-287.258655983287,163.24434488508135,8.125,1.625,0.5105945015298492,0.8598216413928442,0,285,2.605716580902433,-0.00035539301594779383,13.61111111111111,0
-288.1185682548814,163.75478653955616,8.125,1.625,0.5101966535560455,0.8600577740478906,0,286,2.6061792272520963,-0.0005698996908063196,13.61111111111111,0
-288.9787713744518,164.2647380991001,8.125,1.625,0.5099515595439156,0.8602031195704468,0,287,2.606464177065675,-5.339807646022796e-14,13.61111111111111,0
-289.8389744940223,164.774689658644,8.125,1.625,0.5099515595439048,0.8602031195704531,0,288,2.6064641770656873,2.899926306224751e-14,13.61111111111111,0
-290.6991776135927,165.28464121818791,8.125,1.625,0.5105181331567367,0.8598669872242802,0,289,2.6058053974146684,0.0013175603874054388,13.61111111111111,0
-291.5587074347053,165.7957253111927,8.125,1.625,0.5115855774978871,0.8592323299877358,0,290,2.6045635329182124,0.0011661687281418313,13.61111111111111,0
-292.4176413213368,166.30781180622662,8.125,1.625,0.5120986397084216,0.8589266459999854,0,291,2.6039663097247185,2.8278604408349754e-05,13.61111111111111,0
-293.27656072036564,166.81992258682982,8.125,1.625,0.5123288781985708,0.8587893342163688,0,292,2.603698234569778,0.0005078717094542484,13.61111111111111,0
-294.13521992822496,167.33246952590804,8.125,1.625,0.5125469390782315,0.8586592078592855,0,293,2.6034442987188378,5.361584965815105e-14,13.61111111111111,0
-294.9938791360842,167.8450164649863,8.125,1.625,0.5125598606139949,0.8586514946632086,0,294,2.6034292501481344,3.009714155940838e-05,13.61111111111111,0
-295.8525229114873,168.35758924351617,8.125,1.625,0.5127658652881995,0.8585284895652817,0,295,2.603189316448571,0.0004497702603150623,13.61111111111111,0
-296.71093606589153,168.87054816610382,8.125,1.625,0.512950926534896,0.8584179325753811,0,296,2.6029737462437077,-1.862984478702316e-05,13.61111111111111,0
-297.56935877652774,169.38349109652003,8.125,1.625,0.5129429304162071,0.8584227106362192,0,297,2.6029830611661153,-2.920658930245065e-14,13.61111111111111,0
-298.427781487164,169.89643402693625,8.125,1.625,0.5127358390484458,0.8585464223647352,0,298,2.60322429015827,-0.0004824582072897732,13.61111111111111,0
-299.28645118047,170.4089625113727,8.125,1.625,0.5117182980952661,0.859153294467573,0,299,2.6044090616572495,-0.001887085001858801,13.61111111111111,0
-300.1460869201159,170.9198699346143,8.125,1.625,0.5109074232416165,0.8596357396459338,0,300,2.60535260362476,-4.5943828600558725e-15,13.61111111111111,0
-301.0057226597619,171.43077735785593,8.125,1.625,0.5110551435169742,0.8595479278579204,0,301,2.605180754301402,0.00034369872041046254,13.61111111111111,0
-301.86518256935386,171.9419800988842,8.125,1.625,0.5117723546036363,0.8591210956922487,0,302,2.6043461421274445,0.0013255257126442454,13.61111111111111,0
-302.72396428510683,172.45432172987745,8.125,1.625,0.5124185883941207,0.8587358093547611,0,303,2.603593770078176,0.00017921873737233198,13.61111111111111,0
-303.5826541735081,172.9668172669871,8.125,1.625,0.5124955371096794,0.8586898884013141,0,304,2.603504160710379,-4.748002304397202e-15,13.61111111111111,0
-304.44134406190943,173.4793128040968,8.125,1.625,0.5126104895266459,0.858621270425589,0,305,2.603370285825558,0.00026774978630976623,13.61111111111111,0
-305.29989664738724,173.99203820605703,8.125,1.625,0.5129180598003729,0.8584375713647563,0,306,2.603012033373223,0.00044875512163501386,13.61111111111111,0
-306.1582191098483,174.50514886705994,8.125,1.625,0.5131106610029144,0.8583224624610218,0,307,2.6027876558272194,2.919976810286778e-14,13.61111111111111,0
-307.0165415723093,175.01825952806286,8.125,1.625,0.5132239935755271,0.8582547013669004,0,308,2.6026556109942387,0.00026408968065989424,13.61111111111111,0
-307.8747284515222,175.53159681769804,8.125,1.625,0.5136832623076287,0.8579798983804876,0,309,2.6021204059340373,0.0008063205279725987,13.61111111111111,0
-308.73250110646234,176.04562589545148,8.125,1.625,0.5142219503579821,0.8576571493143592,0,310,2.601492431580867,0.0004496282395303765,13.61111111111111,0
-309.59004262976,176.56004064623173,8.125,1.625,0.5144147507802493,0.8575415232976733,0,311,2.6012676174826126,-2.9309944431567116e-14,13.61111111111111,0
-310.4475841530577,177.07445539701197,8.125,1.625,0.5150193529307324,0.857178549723924,0,312,2.6005624270145704,0.0014103824947239675,13.61111111111111,0
-311.3043984029411,177.59007855523117,8.125,1.625,0.5162614096729948,0.8564310578689053,0,313,2.599112789338347,0.0014888930237956196,13.61111111111111,0
-312.16044489494936,178.10697738819587,8.125,1.625,0.5168988329647185,0.8560464920082974,0,314,2.5983683436522345,-5.044250237700453e-15,13.61111111111111,0
-313.0164913869577,178.6238762211606,8.125,1.625,0.5192140737531524,0.8546442216598998,0,315,2.5956615546852464,0.005413650163062711,13.61111111111111,0
-313.86971626082203,179.14539516079918,8.125,1.625,0.5227727867557703,0.8524720602035036,0,316,2.591492292303525,0.0029248788430795833,13.61111111111111,0
-314.72142289599867,179.66941406083632,8.125,1.625,0.5240189000371462,0.8517066351766078,0,317,2.590029871651667,5.395914924994733e-14,13.61111111111111,0
-315.57312953117525,180.19343296087348,8.125,1.625,0.5244327520887202,0.8514518709455344,0,318,2.5895438898220946,0.0009719660239292199,13.61111111111111,0
-316.42432437986764,180.7182781742355,8.125,1.625,0.526960481837762,0.8498897873143986,0,319,2.5865724374076065,0.004970940809977419,13.61111111111111,0
-317.27290180242846,181.24734939620853,8.125,1.625,0.5290712219730266,0.8485774225608224,0,320,2.5840869740010763,-0.0,13.61111111111111,0
-318.1214792249893,181.77642061818156,8.125,1.625,0.529774111716701,0.8481387802445897,0,321,2.5832584445129942,0.0016570689344144998,13.61111111111111,0
-318.96917371331233,182.30689409072107,8.125,1.625,0.5335296607893067,0.8457813553502154,0,322,2.578824300493645,0.007211222723603303,13.61111111111111,0
-319.8130258869826,182.84346981603113,8.125,1.625,0.5365757253100495,0.8438521736702432,0,323,2.575218712455229,-0.0,13.61111111111111,0
-320.65687806065284,183.3800455413412,8.125,1.625,0.5369596200193094,0.8436079459492536,0,324,2.5747637153881295,0.0009099963497669332,13.61111111111111,0
-321.5002395540334,183.91738763994584,8.125,1.625,0.5395938136364833,0.8419254814324343,0,325,2.571638068124444,0.005341298642554683,13.61111111111111,0
-322.340720972509,184.4592280086866,8.125,1.625,0.5418403687407781,0.84048141847566,0,326,2.5689674255240686,-6.9800168220284485e-15,13.61111111111111,0
-323.1812023909847,185.0010683774274,8.125,1.625,0.5419348146010483,0.8404205237399474,0,327,2.56885505030717,0.00022475059241592766,13.61111111111111,0
-324.02156141626875,185.5430972485872,8.125,1.625,0.5437691251935955,0.8392348529977719,0,328,2.5666709000478556,0.004143552249931037,13.61111111111111,0
-324.8596674091981,186.0886035904393,8.125,1.625,0.545276058844936,0.8382565357040372,0,329,2.564874249100935,-0.0005502475431989367,13.61111111111111,0
-325.698073931493,186.63364900448602,8.125,1.625,0.5450454140466992,0.8384065222949201,0,330,2.5651493727111103,-2.3802324164005373e-14,13.61111111111111,0
-326.53648045378793,187.1786944185327,8.125,1.625,0.5513251142920125,0.834290487990184,0,331,2.5576409348956455,0.015017153123211903,13.61111111111111,0
-327.3665905258433,187.7362566876856,8.125,1.625,0.5586217918044516,0.8294225061578592,0,332,2.548869433134656,0.0025258153670213545,13.61111111111111,0
-328.1953068976171,188.29592549613756,8.125,1.625,0.5596688084519487,0.8287163717738272,0,333,2.5476065515723487,-5.5355233601137724e-14,13.61111111111111,0
-329.02402326939097,188.8555943045895,8.125,1.625,0.5604612206480425,0.8281806687853238,0,334,2.546650050213143,0.00191300497039542,13.61111111111111,0
-329.8516664396469,189.41684672232316,8.125,1.625,0.5617951692734581,0.8272763672322608,0,335,2.5450384730985647,0.001310149063722415,13.61111111111111,0
-330.67857461214413,189.97918369803904,8.125,1.625,0.5623369757158774,0.8269081724972372,0,336,2.544383399362798,-3.1960009076757354e-14,13.61111111111111,0
-331.5054827846414,190.54152067375492,8.125,1.625,0.5653022613217896,0.8248838423344653,0,337,2.540793017046058,0.007180914338104704,13.61111111111111,0
-332.32831331688413,191.10976836040834,8.125,1.625,0.570806234657936,0.8210847961542275,0,338,2.534105219122199,0.006194663731121408,13.61111111111111,0
-333.1476262382742,191.6831149718428,8.125,1.625,0.5733466114344347,0.8193129213900214,0,339,2.5310079522600275,9.241267110596056e-15,13.61111111111111,0
-333.9669391596642,192.25646158327723,8.125,1.625,0.57569543793033,0.8176642114867237,0,340,2.528138242186755,0.005739491197840095,13.61111111111111,0
-334.7829367293734,192.8344932223518,8.125,1.625,0.5799850607403233,0.8146271105960342,0,341,2.5228823018078295,0.004772377158598936,13.61111111111111,0
-335.5961775859613,193.4164204593635,8.125,1.625,0.5819272370117141,0.813240856587956,0,342,2.5204961434841566,-3.31150297807154e-14,13.61111111111111,0
-336.4094184425493,193.99834769637522,8.125,1.625,0.582546354591616,0.8127974807736668,0,343,2.5197346392369835,0.0015230113946315543,13.61111111111111,0
-337.2217704364732,194.58151165553025,8.125,1.625,0.583442773696776,0.8121542524797938,0,344,2.5186313215249796,0.0006836238414562377,13.61111111111111,0
-338.0337252142155,195.1652319985897,8.125,1.625,0.5837203430594552,0.8119547777423025,0,345,2.5182895102859413,2.305602672625853e-14,13.61111111111111,0
-338.8456799919578,195.74895234164916,8.125,1.625,0.5843988022099645,0.8114665981884643,0,346,2.517453671703218,0.0016716845436956231,13.61111111111111,0
-339.6566541453811,196.3340265313066,8.125,1.625,0.5931821930579384,0.8050682491807603,0,347,2.506586842042619,0.02006174137735171,13.61111111111111,0
-340.4557206810085,196.9352461345238,8.125,1.625,0.6019841069396493,0.7985080682072492,0,348,2.4956090976194414,0.001893327766086765,13.61111111111111,0
-341.2536585226273,197.53798588011276,8.125,1.625,0.6027397455889654,0.7979378416188502,0,349,2.4946624465763527,-3.428388990005147e-14,13.61111111111111,0
-342.05159636424617,198.14072562570172,8.125,1.625,0.6030025619908075,0.7977392495248823,0,350,2.494333036069773,0.0006588210584889244,13.61111111111111,0
-342.84913685347414,198.74399087695159,8.125,1.625,0.6031257904483948,0.7976460874949485,0,351,2.4941785549491526,-0.00034985883605293276,13.61111111111111,0
-343.64688843319817,199.34697712641986,8.125,1.625,0.6029862494682705,0.7977515797240321,0,352,2.4943534843509383,-0.0,13.61111111111111,0
-344.4446400129222,199.94996337588813,8.125,1.625,0.6044260165469492,0.7966612771568524,0,353,2.492547469451942,0.0036120484972018193,13.61111111111111,0
-345.2402034353119,200.55582342966812,8.125,1.625,0.6102049394854346,0.7922436063658558,0,354,2.4852734060171895,0.010935959261349049,13.61111111111111,0
-346.02909861203904,201.1703512159697,8.125,1.625,0.6145277863015672,0.7888951767271082,0,355,2.4798054027127403,-0.0,13.61111111111111,0
-346.81799378876616,201.78487900227128,8.125,1.625,0.6150269741565423,0.7885060691331728,0,356,2.479172478351078,0.0012658577397975054,13.61111111111111,0
-347.60610469551756,202.40040044160787,8.125,1.625,0.6201540666680927,0.7844800402782897,0,357,2.4726535722729386,0.011771785053656864,13.61111111111111,0
-348.38692094590624,203.02516110869846,8.125,1.625,0.6248923787706117,0.7807109035708457,0,358,2.4665989785553664,0.00033731834945355753,13.61111111111111,0
-349.1675264445442,203.65018515263296,8.125,1.625,0.6250240439344875,0.7806054986379355,0,359,2.466430319386248,-0.0,13.61111111111111,0
-349.94813194318215,204.27520919656746,8.125,1.625,0.6265906621264906,0.7793485370075998,0,360,2.4644217760195484,0.0040171182300175546,13.61111111111111,0
-350.7262128131424,204.90335786980708,8.125,1.625,0.6308532116133905,0.7759022009229454,0,361,2.4589402948538464,0.006945808723909895,13.61111111111111,0
-351.49991800969985,205.5369007121156,8.125,1.625,0.6342269572702637,0.7731469243757638,0,362,2.4545844093400926,0.001765988115093909,13.61111111111111,0
-352.2725046149345,206.1718101051883,8.125,1.625,0.6349093930727125,0.7725866052346752,0,363,2.453701416579651,-2.1934744100687182e-14,13.61111111111111,0
-353.0450912201692,206.806719498261,8.125,1.625,0.6380213786006755,0.7700186494160343,0,364,2.449666708028069,0.00806953296436733,13.61111111111111,0
-353.8125115266729,207.44782768427817,8.125,1.625,0.6433042852188868,0.7656106037791125,0,365,2.44278628976817,0.005691205827005619,13.61111111111111,0
-354.5762884776504,208.09330794464734,8.125,1.625,0.6454619608299752,0.7637924175595904,0,366,2.439964699710508,-4.792027941825056e-05,13.61111111111111,0
-355.3400963603495,208.73875160471903,8.125,1.625,0.6454436600716853,0.76380788269909,0,367,2.4399886598501936,-0.0,13.61111111111111,0
-356.1039042430486,209.38419526479072,8.125,1.625,0.6477039763713864,0.7618920914359818,0,368,2.4370256727828083,0.00592603332798024,13.61111111111111,0
-356.8638621348964,210.0341439080733,8.125,1.625,0.6521715077930185,0.7580714507373173,0,369,2.431147217895464,0.005830818536797837,13.61111111111111,0
-357.62002825949105,210.68852203351784,8.125,1.625,0.6555965080928301,0.7551113948130354,0,370,2.4266203433529023,0.0032229826406586642,13.61111111111111,0
-358.3740821854413,211.34533454615678,8.125,1.625,0.6568125126389335,0.754053925950214,0,371,2.4250088508726297,3.737117452813684e-14,13.61111111111111,0
-359.1281361113915,212.0021470587957,8.125,1.625,0.6583538539040563,0.7527085777707575,0,372,2.422962953495061,0.00409191529551503,13.61111111111111,0
-359.8794718000837,212.6620181654164,8.125,1.625,0.6658217885206328,0.7461108134393883,0,373,2.412997946553915,0.01583733397392911,13.61111111111111,0
-360.6202867747995,213.33372730874916,8.125,1.625,0.6717091433327441,0.7408149747158133,0,374,2.4050791598948567,-0.0,13.61111111111111,0
-361.36110174951534,214.0054364520819,8.125,1.625,0.6717091433327441,0.7408149747158133,0,375,2.4050791598948567,-0.0,13.61111111111111,0
-362.10191672423116,214.67714559541466,8.125,1.625,0.6681533848403958,0.7440235576420428,0,376,2.4098685718314243,-0.009578946096019317,13.61111111111111,0
-362.84910904746044,215.34170746470966,8.125,1.625,0.6617188684565489,0.7497520517668388,0,377,2.4184836229090623,-0.0076509038490483496,13.61111111111111,0
-363.6013869306004,216.0005534152462,8.125,1.625,0.6588459505365529,0.7522778831399911,0,378,2.4223089986220567,-0.0,13.61111111111111,0
-364.3536648137404,216.65939936578275,8.125,1.625,0.6613757884124104,0.7500547090058581,0,379,2.418941121897769,0.006735976831113324,13.61111111111111,0
-365.1014567808244,217.3232701023803,8.125,1.625,0.6705242553289035,0.7418876080752524,0,380,2.4066774409869107,0.017790205277707194,13.61111111111111,0
-365.83735060439227,218.0003670529233,8.125,1.625,0.6770969505430088,0.7358938235678829,0,381,2.3977821446543257,-0.0,13.61111111111111,0
-366.57324442796016,218.67746400346633,8.125,1.625,0.6769680500665362,0.7360124042359013,0,382,2.397957292328421,-0.00035029542856970976,13.61111111111111,0
-367.30937520202724,219.3543029591333,8.125,1.625,0.6763014342336856,0.7366249860366262,0,383,2.398862628281076,-0.0014603758035981866,13.61111111111111,0
-368.04649381886856,220.03006633836148,8.125,1.625,0.6757633792281813,0.7371186168413528,0,384,2.3995928163280973,-5.935811327011493e-14,13.61111111111111,0
-368.7836124357099,220.70582971758964,8.125,1.625,0.6762393662589317,0.7366819663339931,0,385,2.3989468849590443,0.0012918716314752274,13.61111111111111,0
-369.5198521093777,221.38253989164315,8.125,1.625,0.6808314789370326,0.7324400980888559,0,386,2.392695399348821,0.01121078411071838,13.61111111111111,0
-370.24846431325324,222.06746635219469,8.125,1.625,0.6849264605515332,0.7286122038755247,0,387,2.3870898903791944,-2.0687605630382997e-14,13.61111111111111,0
-370.97707651712875,222.7523928127462,8.125,1.625,0.6861063935191861,0.7275012142753411,0,388,2.385469229935189,0.003241336111779164,13.61111111111111,0
-371.70345960333117,223.43967240693942,8.125,1.625,0.6888931933900098,0.7248628615820475,0,389,2.3816316295744993,0.00443383536996523,13.61111111111111,0
-372.4267934691013,224.13017086358508,8.125,1.625,0.6904984566456516,0.7233338657701389,0,390,2.379414717233967,-0.0,13.61111111111111,0
-373.15012733487146,224.82066932023073,8.125,1.625,0.6911764379159979,0.7226860533245074,0,391,2.3784769967894372,0.001875444122250986,13.61111111111111,0
-373.87216306057877,225.51252133390875,8.125,1.625,0.6928545188791679,0.7210773992219676,0,392,2.376152405174997,0.0027737320613063277,13.61111111111111,0
-374.5922788708826,226.20637522324748,8.125,1.625,0.6938538893387154,0.7201158103038273,0,393,2.374765540051348,-3.943714737785518e-14,13.61111111111111,0
-375.31239468118645,226.9002291125862,8.125,1.625,0.6956704289015261,0.7183610891132445,0,394,2.372239898384214,0.005051295370188401,13.61111111111111,0
-376.0289899708163,227.59770535268456,8.125,1.625,0.6987642801505283,0.7153519978204534,0,395,2.3679240468029237,0.0035803618439456727,13.61111111111111,0
-376.74308991558553,228.29774911480277,8.125,1.625,0.7000437621182346,0.7140999447691819,0,396,2.3661338759159043,6.012467551039278e-14,13.61111111111111,0
-377.4571898603547,228.997792876921,8.125,1.625,0.7046976681293075,0.7095077142167775,0,397,2.359595712956348,0.013075748209292729,13.61111111111111,0
-378.16207015625673,229.70710950185142,8.125,1.625,0.709690473474809,0.7045136136790413,0,398,2.35253388935017,0.0010472314287086994,13.61111111111111,0
-378.8662120707182,230.4171687700105,8.125,1.625,0.7102214266222665,0.7039783556094836,0,399,2.351779958005321,0.0004606381379418197,13.61111111111111,0
-379.5700267343948,231.12755222083484,8.125,1.625,0.7105913039352685,0.7036050019517875,0,400,2.35125440859114,0.0005904606047346008,13.61111111111111,0
-380.2734219176086,231.83835121930883,8.125,1.625,0.7108106001468063,0.7033834592304095,0,401,2.350942684343483,3.298791413760964e-05,13.61111111111111,0
-380.97679362472405,232.54917339269986,8.125,1.625,0.7116686547638085,0.7025152851195988,0,402,2.3497220352549055,0.002408306367407723,13.61111111111111,0
-381.6784514413024,233.2616874686552,8.125,1.625,0.7125140759553523,0.701657816578345,0,403,2.3485178801712236,1.9952641004496546e-14,13.61111111111111,0
-382.38010925788075,233.97420154461057,8.125,1.625,0.7164010990140935,0.6976886593111565,0,404,2.3429624110597027,0.011111081465021693,13.61111111111111,0
-383.0737754143106,234.69443489030704,8.125,1.625,0.7231069033153172,0.6907361336847324,0,405,2.3333029002328924,0.008207438981441795,13.61111111111111,0
-383.76153839808387,235.42037020295638,8.125,1.625,0.7277650877215766,0.6858264919741771,0,406,2.3265350764676,0.005328455799906711,13.61111111111111,0
-384.4454175565494,236.14995356106525,8.125,1.625,0.7307066502744184,0.6826915784193759,0,407,2.3222361810619074,0.00326929141708174,13.61111111111111,0
-385.1269137844072,236.8817751864738,8.125,1.625,0.7318439066623196,0.6814723004504541,0,408,2.320568850410432,6.539036907450159e-05,13.61111111111111,0
-385.80836215605075,237.6136413728869,8.125,1.625,0.7318764493725048,0.681437350644867,0,409,2.320521095652583,3.011914655438848e-05,13.61111111111111,0
-386.4897884848713,238.3455280843321,8.125,1.625,0.7318867114452208,0.6814263288205851,0,410,2.3205060360793177,0.0,13.61111111111111,0
-387.1712148136919,239.07741479577732,8.125,1.625,0.7322243180721628,0.6810635418400812,0,411,2.320010463044534,0.0009911460665082993,13.61111111111111,0
-387.85191525339525,239.80997638164598,8.125,1.625,0.7327108610079212,0.6805400753526796,0,412,2.3192958014368434,0.0004381769118187178,13.61111111111111,0
-388.53229478395315,240.54283632351604,8.125,1.625,0.7328599418700481,0.6803795305579304,0,413,2.3190767130191543,-6.094009027119127e-14,13.61111111111111,0
-389.2126743145111,241.27569626538607,8.125,1.625,0.7333830127515595,0.6798156784066148,0,414,2.318307601567681,0.0015382228267640412,13.61111111111111,0
-389.89192541648634,242.00960156766814,8.125,1.625,0.7341148694056887,0.6790253003515175,0,415,2.3172304238922874,0.0006161316674882102,13.61111111111111,0
-390.57072452899916,242.74392558664871,8.125,1.625,0.7343240189805892,0.6787991125128224,0,416,2.3169223581788345,1.9277094174517032e-14,13.61111111111111,0
-391.249523641512,243.47824960562932,8.125,1.625,0.7347924989790766,0.6782919603268814,0,417,2.3162319402853653,0.0013808357150414182,13.61111111111111,0
-391.9273078801213,244.21350996763425,8.125,1.625,0.7353669504890648,0.6776691287998985,0,418,2.3153846424090068,0.00031375950364213054,13.61111111111111,0
-392.6048615376566,244.94898311437737,8.125,1.625,0.7350070853309291,0.678059425502907,0,419,2.31591552323842,-0.0013755204900797945,13.61111111111111,0
-393.28342631154084,245.68352368347036,8.125,1.625,0.7345405690929762,0.6785647738842377,0,420,2.316603283665773,2.246327489200272e-14,13.61111111111111,0
-393.96199108542504,246.4180642525633,8.125,1.625,0.734483404833332,0.6786266484779652,0,421,2.316687522718081,-0.00016847811870325324,13.61111111111111,0
-394.64067954281836,247.15249042205272,8.125,1.625,0.7340648485243975,0.6790793754494782,0,422,2.317304086669774,-0.0010646495186967834,13.61111111111111,0
-395.32014958299015,247.88619367576567,8.125,1.625,0.7337032537129521,0.6794700401717706,0,423,2.3178364115138304,4.171637304786934e-14,13.61111111111111,0
-395.9996196231619,248.6198969294786,8.125,1.625,0.7337144031405012,0.6794580006329884,0,424,2.3178200023630673,3.2818301578118594e-05,13.61111111111111,0
-396.67906558197444,249.35362247958278,8.125,1.625,0.7337894975322483,0.6793769007784785,0,425,2.3177094747462204,0.00018823693063820958,13.61111111111111,0
-397.35837341660226,250.08747591577645,8.125,1.625,0.7338534361936714,0.6793078346278225,0,426,2.3176153562804576,0.0,13.61111111111111,0
-398.0376812512301,250.82132935197012,8.125,1.625,0.7339037830128035,0.6792534411245157,0,427,2.3175412384323963,0.00014823570398572711,13.61111111111111,0
-398.71688025580715,251.55528343529474,8.125,1.625,0.7345229009705988,0.6785838989761959,0,428,2.3166293207871727,0.0016756005650541252,13.61111111111111,0
-399.3948477211854,252.2903737164409,8.125,1.625,0.7359976824808934,0.6769840554863564,0,429,2.3144534344015746,0.0026761671593358836,13.61111111111111,0
-400.0708463441567,253.0272766013185,8.125,1.625,0.7369028848775926,0.6759986229712909,0,430,2.313115350365392,0.0,13.61111111111111,0
-400.74684496712797,253.7641794861961,8.125,1.625,0.7369223090495459,0.6759774481630918,0,431,2.3130866158746466,5.7468981718235085e-05,13.61111111111111,0
-401.42280123677176,254.5011212153719,8.125,1.625,0.7369965923908317,0.6758964586416342,0,432,2.3129767190257806,0.00016232471506641096,13.61111111111111,0
-402.0986378768063,255.23817266268537,8.125,1.625,0.737051447313449,0.6758366400345206,0,433,2.3128955566681513,4.1917043282030845e-14,13.61111111111111,0
-402.7744745168408,255.97522410999883,8.125,1.625,0.7369242622490778,0.6759753188605723,0,434,2.313083726425282,-0.00037633957444455947,13.61111111111111,0
-403.45058836222455,256.7120210211483,8.125,1.625,0.7364557908623582,0.6764856747229009,0,435,2.313776495193041,-0.0010091977302927406,13.61111111111111,0
-404.1274455655748,257.4481353643538,8.125,1.625,0.7361143432055034,0.6768572033502565,0,436,2.3142810940720717,3.850177608007227e-14,13.61111111111111,0
-404.8043027689251,258.18424970755933,8.125,1.625,0.7358424297183451,0.6771528030114048,0,437,2.3146827358357593,-0.0008032841065104953,13.61111111111111,0
-405.4817504801054,258.9198194723658,8.125,1.625,0.7349374561842765,0.6781348947645922,0,438,2.3160182063798413,-0.001867655518505496,13.61111111111111,0
-406.1605713608095,259.6541233219649,8.125,1.625,0.7343888243377011,0.678728999445205,0,439,2.3168268826502,0.0002503027838264204,13.61111111111111,0
-406.83920844515785,260.38859708442834,8.125,1.625,0.7344737624634332,0.6786370843483344,0,440,2.3167017312608507,0.0,13.61111111111111,0
-407.5178455295062,261.1230708468918,8.125,1.625,0.7344737614670864,0.6786370854266582,0,441,2.316701732729009,-2.9363170567394143e-09,13.61111111111111,0
-408.19648261601117,261.8575446073625,8.125,1.625,0.7344737595920368,0.6786370874559826,0,442,2.316701735491973,-2.589610770751564e-09,13.61111111111111,0
-408.8751197044181,262.5920183660758,8.125,1.625,0.7344737587133195,0.6786370884069987,0,443,2.3167017367867992,-4.174414552473818e-14,13.61111111111111,0
-409.55375679282514,263.3264921247891,8.125,1.625,0.7348951353066695,0.6781807576911866,0,444,2.3160806120263686,0.0012422499179246375,13.61111111111111,0
-410.2314805139463,264.0618078718063,8.125,1.625,0.7356734746954408,0.6773363556088929,0,445,2.3149322099950065,0.0010545534752241725,13.61111111111111,0
-410.9084288720678,264.7978383877746,8.125,1.625,0.7360305159683025,0.6769483581215293,0,446,2.31440493347631,0.0,13.61111111111111,0
-411.58537723018935,265.5338689037429,8.125,1.625,0.7360183551576645,0.6769615800553279,0,447,2.314422897463862,-3.5927975111985444e-05,13.61111111111111,0
-412.2623520316135,266.2698750974757,8.125,1.625,0.7359965491119225,0.6769852876505822,0,448,2.3144551085443115,-2.8494185772509838e-05,13.61111111111111,0
-412.93934780500655,267.0058620014406,8.125,1.625,0.7359651081120604,0.6770194676976455,0,449,2.314501550035351,-6.438879632079543e-05,13.61111111111111,0
-413.61639096565716,267.7418053122305,8.125,1.625,0.7359332173417689,0.6770541334435474,0,450,2.314548653487126,-2.9818107166243027e-05,13.61111111111111,0
-414.2934560710932,268.4777284352541,8.125,1.625,0.7359231230236442,0.6770651054360477,0,451,2.3145635625406786,3.8481775490657637e-14,13.61111111111111,0
-414.97052117652925,269.2136515582778,8.125,1.625,0.7359737976500169,0.6770100214713309,0,452,2.314488714956018,0.00014969516934198408,13.61111111111111,0
-415.64747610671657,269.9496760225974,8.125,1.625,0.7360480240493399,0.6769293214901113,0,453,2.3143790698679503,6.959500600097133e-05,13.61111111111111,0
-416.32437981516364,270.6857476016511,8.125,1.625,0.7360715790537049,0.6769037084470623,0,454,2.3143442723650947,0.0,13.61111111111111,0
-417.0012835236107,271.4218191807048,8.125,1.625,0.7361741750050611,0.6767921276548787,0,455,2.314192693334675,0.0003031580613955219,13.61111111111111,0
-417.6779640403574,272.1580959189028,8.125,1.625,0.7363737542017974,0.6765749730242399,0,456,2.313897756070145,0.0002867164607844022,13.61111111111111,0
-418.35443343145243,272.89456664752475,8.125,1.625,0.7365380279581082,0.6763961364256754,0,457,2.3136549219780402,0.00019895172287765308,13.61111111111111,0
-419.03075629677727,273.63117195692655,8.125,1.625,0.7366053094017564,0.6763228653247965,0,458,2.3135554461171917,3.3734008234560038e-15,13.61111111111111,0
-419.70707916210205,274.3677772663283,8.125,1.625,0.7366698033862721,0.6762526160975877,0,459,2.3134600814069,0.0001907294236352127,13.61111111111111,0
-420.3832615067503,275.10451153949157,8.125,1.625,0.736818542297831,0.6760905529040467,0,460,2.3132401092661468,0.0002492148531013406,13.61111111111111,0
-421.0592602413443,275.8414143219719,8.125,1.625,0.7369027824803684,0.6759987345940012,0,461,2.313115501840872,8.0303568996906e-14,13.61111111111111,0
-421.7352589759383,276.5783171044523,8.125,1.625,0.7368366872464822,0.6760707776021899,0,462,2.31321327082869,-0.00019553797879996962,13.61111111111111,0
-422.41140177392975,277.31508767181293,8.125,1.625,0.7366879446230717,0.6762328535697109,0,463,2.3134332548905263,-0.0002444301401730265,13.61111111111111,0
-423.0877246568167,278.0516929650897,8.125,1.625,0.736605293276828,0.6763228828869818,0,464,2.3135554699592484,-3.4336399735442147e-15,13.61111111111111,0
-423.7640475397037,278.7882982583666,8.125,1.625,0.7365547054371243,0.6763779756160242,0,465,2.3136302652687393,-0.0001495906202532099,13.61111111111111,0
-424.4404805952675,279.5248023620456,8.125,1.625,0.7363671815896581,0.6765821264840681,0,466,2.3139074705550953,-0.00040481995838276253,13.61111111111111,0
-425.11721172115426,280.2610325437088,8.125,1.625,0.7360768516869516,0.6768979748903268,0,467,2.3143364829919366,-0.00045320488653673814,13.61111111111111,0
-425.79427647547607,280.99695598976496,8.125,1.625,0.7359234460561473,0.6770647543218039,0,468,2.314563085433552,-3.8481809273715915e-14,13.61111111111111,0
-426.4713412297979,281.7328794358211,8.125,1.625,0.7359271125721757,0.6770607690460142,0,469,2.3145576701068853,1.0830653372878273e-05,13.61111111111111,0
-427.14839801347233,282.4688102148052,8.125,1.625,0.7359377872026234,0.6770491661373687,0,470,2.3145419038383275,2.0701883740512556e-05,13.61111111111111,0
-427.82543956192416,283.20475501006496,8.125,1.625,0.735944795259746,0.6770415484518587,0,471,2.3145315528964785,-4.1851395704812756e-14,13.61111111111111,0
-428.50248111037604,283.9406998053247,8.125,1.625,0.735918344276054,0.6770702995686573,0,472,2.314570620546211,-7.813529975528683e-05,13.61111111111111,0
-429.17958015626743,284.67659169340635,8.125,1.625,0.735843758548784,0.6771513590068315,0,473,2.3146807734546693,-0.00014217051644014727,13.61111111111111,0
-429.8567838212069,285.41238731461686,8.125,1.625,0.7357956212105226,0.6772036649394488,0,474,2.3147518587128033,0.0,13.61111111111111,0
-430.5339874861463,286.1481829358274,8.125,1.625,0.7359970884605583,0.6769847012876886,0,475,2.314454311852154,0.0005950938581267052,13.61111111111111,0
-431.21075295674467,286.8843812012229,8.125,1.625,0.7365934246105753,0.6763358092105317,0,476,2.313573018608175,0.001167492252838108,13.61111111111111,0
-431.88665866278956,287.62136930391085,8.125,1.625,0.7370197104280456,0.6758712498993871,0,477,2.312942514869156,9.35152428043411e-05,13.61111111111111,0
-432.5624954506617,288.35842061566507,8.125,1.625,0.7370513117542411,0.6758367878721552,0,478,2.3128957572479734,-3.498111677791178e-15,13.61111111111111,0
-433.23833223853387,289.09547192741934,8.125,1.625,0.7370513080865254,0.6758367918720775,0,479,2.3128957626748985,-1.0853846658374553e-08,13.61111111111111,0
-433.91416903440586,289.83252323183814,8.125,1.625,0.7370513020599146,0.6758367984445538,0,480,2.312895771592156,-6.9806680946284924e-09,13.61111111111111,0
-434.59000583542297,290.56957453153916,8.125,1.625,0.7370512997010186,0.6758368010171089,0,481,2.31289577508249,0.0,13.61111111111111,0
-435.2658426364401,291.3066258312402,8.125,1.625,0.7371040140901387,0.6757793074756023,0,482,2.3128177730688084,0.00015600402772798834,13.61111111111111,0
-435.9415644411954,292.0437825497077,8.125,1.625,0.7371892011112948,0.6756863782590936,0,483,2.312691706943797,9.612822130249606e-05,13.61111111111111,0
-436.6172153863309,292.78100422623214,8.125,1.625,0.7372216765244535,0.6756509451354848,0,484,2.3126436428333927,3.843667881919842e-14,13.61111111111111,0
-437.29286633146637,293.5182259027566,8.125,1.625,0.7372178348538286,0.6756551368660146,0,485,2.31264932869639,-1.137172619494815e-05,13.61111111111111,0
-437.96852565039205,294.2554398853878,8.125,1.625,0.7374293050645708,0.675424325910745,0,486,2.312336289804391,0.0006374494555078453,13.61111111111111,0
-438.64371490502884,294.99308442744245,8.125,1.625,0.7376445420546512,0.6751892546367898,0,487,2.312017565053865,-3.835996672736536e-14,13.61111111111111,0
-439.31890415966564,295.7307289694971,8.125,1.625,0.7376453041845334,0.6751884220086325,0,488,2.312016436288342,2.25753108339332e-06,13.61111111111111,0
-439.994091749022,296.4683750357852,8.125,1.625,0.737656342801124,0.6751763620901362,0,489,2.312000087199977,3.0440645642136268e-05,13.61111111111111,0
-440.66925688366626,297.20604165490306,8.125,1.625,0.7376666191178615,0.6751651346442764,0,490,2.311984866877174,-4.1926630659136136e-14,13.61111111111111,0
-441.3444220183106,297.94370827402093,8.125,1.625,0.737666618796045,0.6751651349958842,0,491,2.3119848673538224,-9.532545065245804e-10,13.61111111111111,0
-442.01958715365805,298.68137489249517,8.125,1.625,0.7376666146481803,0.6751651395277255,0,492,2.311984873497304,-1.1333708639596015e-08,13.61111111111111,0
-442.69475229736605,299.4190415033173,8.125,1.625,0.737666610822132,0.6751651437079591,0,493,2.3119848791641373,4.1926629716130245e-14,13.61111111111111,0
-443.369917441074,300.15670811413946,8.125,1.625,0.7375759342096608,0.6752642010907627,0,494,2.3121191721764807,-0.000268586123417516,13.61111111111111,0
-444.0452804289685,300.8941930761892,8.125,1.625,0.7372370678012811,0.6756341508980798,0,495,2.3126208626267997,-0.0007347950014982399,13.61111111111111,0.0
-444.72118510595584,301.6311815547552,8.125,1.625,0.7371246308988554,0.6757568190719397,0,496,2.3127872643634766,0.0004019913171367972,13.14176245210728,-0.1
-445.396793752586,302.3684419948973,8.125,1.625,0.7372604401421156,0.6756086466301731,0,497,2.3125862687834506,0.0,12.672413793103448,-0.2
-446.0724023992162,303.1057024350394,8.125,1.625,0.7371979891138315,0.6756767902233458,0,498,2.3126787008137772,-0.00018486405990318373,12.203065134099615,-0.3
-446.74814732511413,303.8428379644854,8.125,1.625,0.7371239230243597,0.6757575912301524,0,499,2.3127883118913317,-3.4358093859842504e-05,11.733716475095784,-0.4
-447.423917579331,304.5799502785296,8.125,1.625,0.7371123140442501,0.6757702542168683,0,500,2.312805490938213,-3.4986907464405645e-15,11.264367816091953,-0.5
-448.0996878335479,305.3170625925739,8.125,1.625,0.7370495444627578,0.6758387152325924,0,501,2.312898372212111,-0.00018576254701089796,10.795019157088122,-0.6
-448.77559500185987,306.05404935880006,8.125,1.625,0.7369754307732288,0.6759195325159747,0,502,2.313008027454945,-3.3547937289549674e-05,10.32567049808429,-0.7
-449.4515268962835,306.7910134516166,8.125,1.625,0.7369640928165515,0.6759318944236005,0,503,2.3130248014235204,4.190710795050537e-14,9.856321839080458,-0.8
-450.12745879070707,307.52797754443316,8.125,1.625,0.7369957309826228,0.6758973979187888,0,504,2.3129779934926007,9.361587275294469e-05,9.386973180076627,-0.9
-450.8033216102865,308.2650048243498,8.125,1.625,0.7371548465150346,0.6757238579918544,0,505,2.3127425495307943,0.00037727203930860287,8.917624521072796,-1.0
-451.4789064023131,309.00228712359643,8.125,1.625,0.73728229924665,0.6755847920265622,0,506,2.3125539135278563,4.1943305073986205e-14,8.448275862068964,-1.1
-452.15449119433964,309.7395694228431,8.125,1.625,0.7372263006683916,0.6756458995678123,0,507,2.312636798824312,-0.0001657705936133565,7.978927203065134,-1.2
-452.83019819019,310.47673971264834,8.125,1.625,0.7371303752125588,0.6757505530437932,0,508,2.312778763760636,-0.00011815927772059892,7.509578544061303,-1.3
-453.5059922914505,311.21383016347613,8.125,1.625,0.73709045082778,0.6757941012605096,0,509,2.3128378433990924,0.0,7.040229885057471,-1.4
-454.18178639271105,311.9509206143039,8.125,1.625,0.7370099277824491,0.67588191746052,0,510,2.31295698888088,-0.00023829096548059168,6.57088122605364,-1.5
-454.8577561032307,312.6878499938073,8.125,1.625,0.7368725367463188,0.6760317038342544,0,511,2.31316024304371,-0.00016821735629614376,6.101532567049808,-1.6
-455.53384978204787,313.4246656678151,8.125,1.625,0.7368156740077575,0.6760936788171399,0,512,2.313244351720697,-3.845462851500669e-14,5.632183908045977,-1.7
-456.209943460865,314.1614813418228,8.125,1.625,0.7365526349415097,0.6763802303148128,0,513,2.3136333264153737,-0.0007779494548044731,5.162835249042145,-1.8
-456.88660999605713,314.8977706691378,8.125,1.625,0.7361381927066943,0.6768312649682502,0,514,2.3142458577503526,-0.0004471130955444809,4.693486590038313,-1.9
-457.5636058125958,315.63375753341535,8.125,1.625,0.7359868642775398,0.6769958165387097,0,515,2.31446941426003,-3.8488441901243644e-14,4.224137931034482,-2.0
-458.2406016291345,316.36974439769284,8.125,1.625,0.7359218898125909,0.6770664458490502,0,516,2.3145653839457734,-0.00019193937564157727,3.75478927203065,-2.1
-458.9177386779039,317.1056012843565,8.125,1.625,0.7357518863112917,0.6772511807220243,0,517,2.3148164380516505,-0.000310168828168312,3.285440613026819,-2.2
-459.5951039541303,317.8412481307188,8.125,1.625,0.7356468463622792,0.6773652762263749,0,518,2.3149715224643095,4.1817515302043877e-14,2.8160919540229874,-2.3
-460.27246923035665,318.57689497708105,8.125,1.625,0.7355896215928628,0.6774274194368493,0,519,2.315055999992961,-0.0001689550601672327,2.3467432950191576,-2.4
-460.94995877268116,319.3124273518368,8.125,1.625,0.7354407045674121,0.6775890864420623,0,520,2.315275801042181,-0.0002706470329483429,1.8773946360153262,-2.5
-461.62764737534036,320.04777635593337,8.125,1.625,0.7353490040965602,0.6776886026592133,0,521,2.315411124557722,-3.854182498976522e-14,1.4080459770114946,-2.6
-462.30533597799956,320.7831253600299,8.125,1.625,0.735301411441628,0.6777402410451587,0,522,2.315481349793276,-0.00014045055839996605,0.9386973180076631,-2.7
-462.9831274297682,321.51837871483235,8.125,1.625,0.7358330746592876,0.6771629687434623,0,523,2.3146965510172,0.0017100470350334123,0.46934865900383155,-2.8
-463.6596609964774,322.25479051071545,8.125,1.625,0.7364117958830999,0.6765335667091675,0,524,2.313841527496937,0,0.0,-2.9
